{
  "studentList": [
    {
      "id": 1,
      "name": "Tien",
      "dateOfBirth": "2k"
    },
    {
      "id": 2,
      "name": "Long",
      "dateOfBirth": "1999"
    },
    {
      "id": 3,
      "name": "Khanh",
      "dateOfBirth": "2k1"
    },
    {
      "id": 4,
      "name": "Thien",
      "dateOfBirth": "2k1"
    },
    {
      "id": 5,
      "name": "Tung",
      "dateOfBirth": "2k1"
    },
    {
      "id": 6,
      "name": "Tinh",
      "dateOfBirth": "2k1"
    },
    {
      "id": 7,
      "name": "Tung",
      "dateOfBirth": "2k1"
    },
    {
      "id": 8,
      "name": "Quan",
      "dateOfBirth": "2k1"
    },
    {
      "id": 9,
      "name": "Cuong",
      "dateOfBirth": "2k1"
    },
    {
      "id": 10,
      "name": "Chau",
      "dateOfBirth": "2k1"
    }
  ]
}
